{"step": 3200, "episode": 10, "duration": 36.815072399999735, "episode_steps": 22, "sps": 0.5975813319329547, "episode_reward": -190.28577644680274, "reward_mean": -8.64935347485467, "reward_min": -100.0, "reward_max": 2.0279251092655954, "action_mean": 0.8636363636363636, "action_min": 0, "action_max": 2, "obs_mean": 74.205, "obs_min": 0, "obs_max": 255, "loss": 23.209608869119123, "mae": 7.516075025905263, "mean_q": 11.866473284634678, "mean_eps": 0.942607, "_runtime": 4357, "_timestamp": 1621963347, "_step": 9}