{"step": 57, "episode": 1, "duration": 98.17836120000001, "episode_steps": 57, "sps": 0.5805759976364323, "episode_reward": -102.06887251336548, "reward_mean": -1.7906819739186925, "reward_min": -4.630563170728635, "reward_max": -0.6950075122014141, "action_mean": 1.087719298245614, "action_min": 0, "action_max": 2, "obs_mean": 74.39289473684211, "obs_min": 0, "obs_max": 255, "loss": NaN, "mae": NaN, "mean_q": NaN, "mean_eps": NaN, "_runtime": 105, "_timestamp": 1622100341, "_step": 0}