{"step": 464, "episode": 7, "duration": 206.90712760000002, "episode_steps": 148, "sps": 0.7152967696991024, "episode_reward": -100.47561306542535, "reward_mean": -0.6788892774690902, "reward_min": -4.941405740142713, "reward_max": 3.076936913803735, "action_mean": 0.918918918918919, "action_min": 0, "action_max": 2, "obs_mean": 224.35222297297298, "obs_min": 0, "obs_max": 255, "loss": NaN, "mae": NaN, "mean_q": NaN, "mean_eps": NaN, "_runtime": 684, "_timestamp": 1622914919, "_step": 6}