{"step": 2649, "episode": 37, "duration": 46.386751600000025, "episode_steps": 29, "sps": 0.6251785046314815, "episode_reward": -110.3643051898979, "reward_mean": -3.805665696203376, "reward_min": -100.0, "reward_max": 2.6675175520600476, "action_mean": 1.0689655172413792, "action_min": 0, "action_max": 2, "obs_mean": 74.205, "obs_min": 0, "obs_max": 255, "loss": NaN, "mae": NaN, "mean_q": NaN, "mean_eps": NaN, "_runtime": 3848, "_timestamp": 1622374923, "_step": 36}