{"step": 175301, "episode": 1891, "duration": 92.19137670000782, "episode_steps": 60, "sps": 0.6508200891200587, "episode_reward": -153.9938528144268, "reward_mean": -2.5665642135737796, "reward_min": -100.0, "reward_max": 3.081146060750946, "action_mean": 0.75, "action_min": 0, "action_max": 2, "obs_mean": 74.20901666666667, "obs_min": 0, "obs_max": 255, "loss": 131.42175110181174, "mae": 26.65057627360026, "mean_q": 38.898827107747394, "mean_eps": 0.09999999999999996, "_runtime": 265311, "_timestamp": 1622649858, "_step": 1890}