{"step": 57, "episode": 1, "duration": 85.4016077, "episode_steps": 57, "sps": 0.6674347419808585, "episode_reward": -2399.903837625342, "reward_mean": -42.10357609869021, "reward_min": -101.36702990312611, "reward_max": -1.0024546534725687, "action_mean": 1.1578947368421053, "action_min": 0, "action_max": 2, "obs_mean": 74.31236842105262, "obs_min": 0, "obs_max": 255, "loss": NaN, "mae": NaN, "mean_q": NaN, "mean_eps": NaN, "_runtime": 92, "_timestamp": 1621869618, "_step": 0}