{"step": 27269, "episode": 837, "duration": 28.917184199992334, "episode_steps": 16, "sps": 0.5533042183271856, "episode_reward": -110.64160551349684, "reward_mean": -6.915100344593553, "reward_min": -100.0, "reward_max": 0.4372985307865065, "action_mean": 1.3125, "action_min": 0, "action_max": 2, "obs_mean": 107.8008125, "obs_min": 0, "obs_max": 255, "loss": 23.09275233745575, "mae": 31.550150632858276, "mean_q": -44.481839179992676, "mean_eps": 0.509311, "_runtime": 71466, "_timestamp": 1622876958, "_step": 836}