{"step": 118, "episode": 1, "duration": 155.5929463, "episode_steps": 118, "sps": 0.7583891352792, "episode_reward": -100.94207919330844, "reward_mean": -0.8554413490958342, "reward_min": -3.5906317188923254, "reward_max": 0.4118212501998926, "action_mean": 1.1016949152542372, "action_min": 0, "action_max": 2, "obs_mean": 74.28927966101695, "obs_min": 0, "obs_max": 255, "loss": NaN, "mae": NaN, "mean_q": NaN, "mean_eps": NaN, "_runtime": 163, "_timestamp": 1621956218, "_step": 0}