{"step": 141, "episode": 2, "duration": 117.81249030000001, "episode_steps": 82, "sps": 0.6960212774655185, "episode_reward": -160.53281906831887, "reward_mean": -1.9577173057112058, "reward_min": -100.0, "reward_max": 0.9485607441487502, "action_mean": 1.146341463414634, "action_min": 0, "action_max": 2, "obs_mean": 163.48159756097562, "obs_min": 0, "obs_max": 255, "loss": NaN, "mae": NaN, "mean_q": NaN, "mean_eps": NaN, "_runtime": 212, "_timestamp": 1622915626, "_step": 1}