{"step": 57, "episode": 1, "duration": 79.4268826, "episode_steps": 57, "sps": 0.7176411579320878, "episode_reward": -102.01246483219842, "reward_mean": -1.7896923654771653, "reward_min": -4.579873997086793, "reward_max": -0.5966583515024126, "action_mean": 1.087719298245614, "action_min": 0, "action_max": 2, "obs_mean": 74.37947368421052, "obs_min": 0, "obs_max": 255, "loss": NaN, "mae": NaN, "mean_q": NaN, "mean_eps": NaN, "_runtime": 87, "_timestamp": 1621955318, "_step": 0}