{"step": 797, "episode": 51, "duration": 18.145149200000105, "episode_steps": 8, "sps": 0.4408891826582475, "episode_reward": -104.31488098369798, "reward_mean": -13.039360122962247, "reward_min": -100.0, "reward_max": 0.903536076922677, "action_mean": 1.0, "action_min": 0, "action_max": 2, "obs_mean": 127.229, "obs_min": 0, "obs_max": 255, "loss": NaN, "mae": NaN, "mean_q": NaN, "mean_eps": NaN, "_runtime": 1458, "_timestamp": 1622878617, "_step": 50}