{"step": 1132, "episode": 18, "duration": 89.09676519999994, "episode_steps": 61, "sps": 0.6846488743229933, "episode_reward": -100.97111364946872, "reward_mean": -1.6552641581880119, "reward_min": -4.650484724607281, "reward_max": 0.532656825316451, "action_mean": 1.0327868852459017, "action_min": 0, "action_max": 2, "obs_mean": 74.205, "obs_min": 0, "obs_max": 255, "loss": NaN, "mae": NaN, "mean_q": NaN, "mean_eps": NaN, "_runtime": 1659, "_timestamp": 1621966029, "_step": 17}