{"step": 59, "episode": 1, "duration": 88.4083913, "episode_steps": 59, "sps": 0.6673574661006189, "episode_reward": -101.09399425820348, "reward_mean": -1.713457529800059, "reward_min": -4.724609863128393, "reward_max": -0.5421675459460573, "action_mean": 1.0847457627118644, "action_min": 0, "action_max": 2, "obs_mean": 234.9827966101695, "obs_min": 0, "obs_max": 255, "loss": NaN, "mae": NaN, "mean_q": NaN, "mean_eps": NaN, "_runtime": 94, "_timestamp": 1622909361, "_step": 0}