{"step": 1368, "episode": 25, "duration": 171.65376829999968, "episode_steps": 122, "sps": 0.7107330133689831, "episode_reward": -100.58622807701487, "reward_mean": -0.824477279319794, "reward_min": -3.92886283084448, "reward_max": 2.043792340494477, "action_mean": 1.1967213114754098, "action_min": 0, "action_max": 2, "obs_mean": 217.92273224043717, "obs_min": 0, "obs_max": 255, "loss": NaN, "mae": NaN, "mean_q": NaN, "mean_eps": NaN, "_runtime": 2036, "_timestamp": 1622912010, "_step": 24}