{"step": 66, "episode": 1, "duration": 111.4995437, "episode_steps": 66, "sps": 0.5919306735243617, "episode_reward": -100.36477063601797, "reward_mean": -1.520678342969969, "reward_min": -4.351164416387576, "reward_max": -0.6862709527789264, "action_mean": 1.2121212121212122, "action_min": 0, "action_max": 2, "obs_mean": 74.22818181818182, "obs_min": 0, "obs_max": 255, "loss": NaN, "mae": NaN, "mean_q": NaN, "mean_eps": NaN, "_runtime": 119, "_timestamp": 1622100606, "_step": 0}