{"step": 315, "episode": 7, "duration": 35.53967240000003, "episode_steps": 23, "sps": 0.6471640971006807, "episode_reward": -189.78047530876265, "reward_mean": -8.251325013424463, "reward_min": -100.0, "reward_max": 1.607923874027449, "action_mean": 1.0, "action_min": 0, "action_max": 2, "obs_mean": 74.205, "obs_min": 0, "obs_max": 255, "loss": NaN, "mae": NaN, "mean_q": NaN, "mean_eps": NaN, "_runtime": 452, "_timestamp": 1621958507, "_step": 6}