{"step": 3624, "episode": 58, "duration": 8299.561400800001, "episode_steps": 120, "sps": 0.014458595364862667, "episode_reward": -100.27043200327415, "reward_mean": -0.835586933360618, "reward_min": -4.724199009945565, "reward_max": 2.280853402394115, "action_mean": 0.95, "action_min": 0, "action_max": 2, "obs_mean": 211.31478333333334, "obs_min": 0, "obs_max": 255, "loss": 20.82551239877939, "mae": 2.1398049145936966, "mean_q": -1.5767456104358037, "mean_eps": 0.935857, "_runtime": 13420, "_timestamp": 1622988334, "_step": 57}