{"step": 74, "episode": 1, "duration": 108.2180464, "episode_steps": 74, "sps": 0.6838046191157263, "episode_reward": -3495.4996403688506, "reward_mean": -47.236481626606086, "reward_min": -100.96935374244777, "reward_max": -1.0072761082017792, "action_mean": 1.0135135135135136, "action_min": 0, "action_max": 2, "obs_mean": 74.205, "obs_min": 0, "obs_max": 255, "loss": NaN, "mae": NaN, "mean_q": NaN, "mean_eps": NaN, "_runtime": 114, "_timestamp": 1621873060, "_step": 0}