{"step": 446, "episode": 6, "duration": 111.11967790000006, "episode_steps": 62, "sps": 0.5579569809030194, "episode_reward": -101.03791337786171, "reward_mean": -1.62964376415906, "reward_min": -4.8723275210981, "reward_max": 1.5120193147641885, "action_mean": 0.8225806451612904, "action_min": 0, "action_max": 2, "obs_mean": 213.7865483870968, "obs_min": 0, "obs_max": 255, "loss": NaN, "mae": NaN, "mean_q": NaN, "mean_eps": NaN, "_runtime": 770, "_timestamp": 1622902950, "_step": 5}