{"step": 55648, "episode": 610, "duration": 67.78751500000362, "episode_steps": 45, "sps": 0.6638390564987903, "episode_reward": 519.0934814354569, "reward_mean": 11.535410698565707, "reward_min": -100.0, "reward_max": 37.48724235997207, "action_mean": 0.5333333333333333, "action_min": 0, "action_max": 2, "obs_mean": 74.20686666666667, "obs_min": 0, "obs_max": 255, "loss": 1738.7065002441407, "mae": 294.13585408528644, "mean_q": 447.3595397949219, "mean_eps": 0.09999999999999996, "_runtime": 79267, "_timestamp": 1621952932, "_step": 609}