{"step": 37839, "episode": 419, "duration": 97.21638510000048, "episode_steps": 62, "sps": 0.6377525757229549, "episode_reward": 175.99585884512638, "reward_mean": 2.8386428845988125, "reward_min": -1.2473195490657076, "reward_max": 100.0, "action_mean": 0.5645161290322581, "action_min": 0, "action_max": 2, "obs_mean": 212.7246505376344, "obs_min": 0, "obs_max": 255, "loss": 58.63409171565886, "mae": 14.347915295631655, "mean_q": 19.153635717207386, "mean_eps": 0.319465, "_runtime": 54199, "_timestamp": 1622969875, "_step": 418}