{"step": 79937, "episode": 898, "duration": 23.57085350000125, "episode_steps": 12, "sps": 0.5091033296693886, "episode_reward": -102.73287257582737, "reward_mean": -8.561072714652282, "reward_min": -100.0, "reward_max": 1.2114342113910936, "action_mean": 0.75, "action_min": 0, "action_max": 2, "obs_mean": 74.2055, "obs_min": 0, "obs_max": 255, "loss": 97.0185917019844, "mae": 28.13119904200236, "mean_q": 39.859322706858315, "mean_eps": 0.10000000000000002, "_runtime": 114572, "_timestamp": 1622097311, "_step": 897}