{"step": 35330, "episode": 315, "duration": 92.41287539999757, "episode_steps": 63, "sps": 0.6817231876760936, "episode_reward": 175.57621844129676, "reward_mean": 2.7869241022428057, "reward_min": -1.3760304933727099, "reward_max": 100.0, "action_mean": 0.5714285714285714, "action_min": 0, "action_max": 2, "obs_mean": 74.205, "obs_min": 0, "obs_max": 255, "loss": 2.832482359712086, "mae": 73.15880439394996, "mean_q": 111.15654730418372, "mean_eps": 0.36463599999999996, "_runtime": 53597, "_timestamp": 1622370788, "_step": 314}