{"step": 754, "episode": 9, "duration": 116.52962350000007, "episode_steps": 81, "sps": 0.6951022200805441, "episode_reward": -103.93790993429084, "reward_mean": -1.28318407326285, "reward_min": -4.619427237236238, "reward_max": 2.313367103745094, "action_mean": 1.037037037037037, "action_min": 0, "action_max": 2, "obs_mean": 204.81558436213993, "obs_min": 0, "obs_max": 255, "loss": NaN, "mae": NaN, "mean_q": NaN, "mean_eps": NaN, "_runtime": 1091, "_timestamp": 1622913955, "_step": 8}