{"step": 38720, "episode": 535, "duration": 139.30093290000514, "episode_steps": 98, "sps": 0.703512876474041, "episode_reward": -100.49910289275803, "reward_mean": -1.0255010499261024, "reward_min": -2.952793386023643, "reward_max": 1.2928644574647308, "action_mean": 1.6938775510204083, "action_min": 0, "action_max": 2, "obs_mean": 74.23622448979592, "obs_min": 0, "obs_max": 255, "loss": 23.94708556545024, "mae": 29.861708524275798, "mean_q": -42.517196460646026, "mean_eps": 0.303931, "_runtime": 88824, "_timestamp": 1622799217, "_step": 534}