{"step": 268, "episode": 3, "duration": 47.8475421, "episode_steps": 30, "sps": 0.6269914541754487, "episode_reward": -110.9118899108609, "reward_mean": -3.697062997028697, "reward_min": -100.0, "reward_max": 2.3451458223977113, "action_mean": 1.0666666666666667, "action_min": 0, "action_max": 2, "obs_mean": 74.205, "obs_min": 0, "obs_max": 255, "loss": NaN, "mae": NaN, "mean_q": NaN, "mean_eps": NaN, "_runtime": 391, "_timestamp": 1622709615, "_step": 2}