{"step": 16132, "episode": 244, "duration": 91.8456675999987, "episode_steps": 63, "sps": 0.6859332796662135, "episode_reward": -131.1087024174014, "reward_mean": -2.081090514561927, "reward_min": -100.0, "reward_max": 2.249011737735671, "action_mean": 1.0793650793650793, "action_min": 0, "action_max": 2, "obs_mean": 183.15834391534392, "obs_min": 0, "obs_max": 255, "loss": 37.193190597352526, "mae": 34.96666862851097, "mean_q": -49.81692087082636, "mean_eps": 0.7101999999999999, "_runtime": 23329, "_timestamp": 1622902078, "_step": 243}