{"step": 3547, "episode": 65, "duration": 35.721066500000234, "episode_steps": 21, "sps": 0.5878883823359491, "episode_reward": -103.608199604918, "reward_mean": -4.933723790710381, "reward_min": -100.0, "reward_max": 2.916496387945898, "action_mean": 0.9523809523809523, "action_min": 0, "action_max": 2, "obs_mean": 184.01974603174602, "obs_min": 0, "obs_max": 255, "loss": 22.620109745434352, "mae": 5.468231780188424, "mean_q": -4.644639662333897, "mean_eps": 0.9363520000000001, "_runtime": 5578, "_timestamp": 1622908624, "_step": 64}