{"step": 59, "episode": 1, "duration": 88.0139603, "episode_steps": 59, "sps": 0.6703482015682006, "episode_reward": -101.07749516054082, "reward_mean": -1.7131778840769631, "reward_min": -4.725841450203802, "reward_max": -0.5456965746812443, "action_mean": 1.0847457627118644, "action_min": 0, "action_max": 2, "obs_mean": 234.94081355932204, "obs_min": 0, "obs_max": 255, "loss": NaN, "mae": NaN, "mean_q": NaN, "mean_eps": NaN, "_runtime": 94, "_timestamp": 1622915370, "_step": 0}