{"step": 1664, "episode": 19, "duration": 141.7547039000001, "episode_steps": 100, "sps": 0.7054439623431779, "episode_reward": -5052.580915673841, "reward_mean": -50.52580915673841, "reward_min": -100.02576376392105, "reward_max": -1.0320226690522816, "action_mean": 1.02, "action_min": 1, "action_max": 2, "obs_mean": 74.22795, "obs_min": 0, "obs_max": 255, "loss": NaN, "mae": NaN, "mean_q": NaN, "mean_eps": NaN, "_runtime": 2394, "_timestamp": 1621872765, "_step": 18}