{"step": 79944, "episode": 1567, "duration": 57.21038460001, "episode_steps": 37, "sps": 0.6467357326591636, "episode_reward": 167.81657625040816, "reward_mean": 4.535583141902923, "reward_min": -1.0285778294960153, "reward_max": 100.0, "action_mean": 0.35135135135135137, "action_min": 0, "action_max": 2, "obs_mean": 194.12363963963963, "obs_min": 0, "obs_max": 255, "loss": 80.83510517429661, "mae": 53.66173151377085, "mean_q": 79.65173360463736, "mean_eps": 0.10000000000000002, "_runtime": 151453, "_timestamp": 1623141879, "_step": 1566}